[
	{
		"emp-no": 98764,
		"first-name": "Ramesh",
		"last-name": "Rao",
		"unit-name": "FS",
		"join-date": "1-Jan-2015",
		"years-of-experience": 12,
		"location": "Delhi"
	},
	{
		"emp-no": 45634,
		"first-name": "Dinesh",
		"last-name": "Kumar",
		"unit-name": "FS",
		"join-date": "1-Feb-2015",
		"years-of-experience": 11,
		"location": "Chennai"
	},
	{
		"emp-no": 54533,
		"first-name": "Lakesh",
		"last-name": "Sharma",
		"unit-name": "FS",
		"join-date": "1-Mar-2015",
		"years-of-experience": 10,
		"location": "Kolkata"
	},
	{
		"emp-no": 57342,
		"first-name": "Mohan",
		"last-name": "Panigrahi",
		"unit-name": "FS",
		"join-date": "1-Apr-2015",
		"years-of-experience": 21,
		"location": "Bangalore"
	},
	{
		"emp-no": 23654,
		"first-name": "Deepak",
		"last-name": "Das",
		"unit-name": "FS",
		"join-date": "1-May-2015",
		"years-of-experience": 6,
		"location": "Hyderabad"
	}
]